LON,LAT,EDO,CLAVE_SIH,ENE,,,,,
-102.309722,21.895,AGS,AGSAG,6.61,,,,,
-102.466944,22.188611,AGS,ANVAG,10.6,,,,,
-102.184167,21.738611,AGS,BRTAG,10.5,,,,,
-102.712222,21.849167,AGS,CALVILLO,18.17,,,,,
-102.676944,21.9975,AGS,CDRAG,16.7,,,,,
-102.197222,22.007222,AGS,CHOAG,17.3,,,,,
-102.189167,21.826667,AGS,CLVAG,9.2,,,,,
-102,21.896389,AGS,CNSAG,13.2,,,,,
-102.296667,22.362778,AGS,CSOAG,7.2,,,,,
-102.356944,22.121667,AGS,JCQAG,6.3,,,,,
-102.788333,21.8075,AGS,MNLAG,24.3,,,,,
-102.371667,21.78,AGS,NGRAG,5.51,,,,,
-102.001944,22.020556,AGS,NVLAG,15.5,,,,,
-102.290556,21.850833,AGS,OBSAG,8.71,,,,,
-102.465,22.189167,AGS,P50ANIV,10.4,,,,,
-101.966667,21.916667,AGS,PALAG,11,,,,,
-102.291944,22.1625,AGS,PBLAG,6.8,,,,,
-102.417222,22.141111,AGS,PECAG,6,,,,,
-102.133333,22.202778,AGS,PTOAG,11.53,,,,,
-102.4375,22.235,AGS,PTRAG,17.41,,,,,
-102.108889,21.885,AGS,SNVAG,6,,,,,
-102.127778,21.807778,AGS,TNJAG,11,,,,,
-102.0675,22.097778,AGS,VJZAG,22.2,,,,,
-116.204167,32.271944,BC,AGHBN,18.82,,,,,
-116.908333,32.444722,BC,ALRBN,48.2,,,,,
-114.719167,29.727222,BC,CATAVINA,11.31,,,,,
-116.696944,32.479444,BC,CRRBN,58.7,,,,,
-116.828333,32.468056,BC,EFLBN,20.6,,,,,
-116.6025,31.890278,BC,ELZBN,48.42,,,,,
-115.15,32.411111,BC,ENLBN,8.9,,,,,
-114.728056,32.705,BC,JMRBN,3.51,,,,,
-115.27,32.39,BC,MXCBN,9.31,,,,,
-114.729444,32.703889,BC,PDMBN,3.51,,,,,
-117.071389,32.3775,BC,PLAYAROSARITO,73.4,,,,,
-114.85,31.033333,BC,SFLBN,1.2,,,,,
-111.658333,25.001389,BCS,CCNBS,4.1,,,,,
-109.9125,22.881944,BCS,CSLBS,4,,,,,
-113.420833,27.783333,BCS,DORBS,6.4,,,,,
-114.05,27.966667,BCS,GNGBS,8,,,,,
-109.697222,23.680556,BCS,LBABS,8.01,,,,,
-110.366667,24.15,BCS,LPZBS,13.81,,,,,
-111.341667,26.016667,BCS,LRTBS,13.7,,,,,
-112,26.866667,BCS,MLGBS,16.5,,,,,
-109.983333,24.066667,BCS,PLNBS,16.51,,,,,
-109.55,23.583333,BCS,RBRBS,3.51,,,,,
-110.05,23.8,BCS,SANBS,21.62,,,,,
-112.478611,26.2575,BCS,SANJUANICO,20.8,,,,,
-109.983333,24.066667,BCS,SARBS,13.01,,,,,
-109.843889,23.738333,BCS,SBABS,12,,,,,
-109.708333,23.118889,BCS,SJCBS,2,,,,,
-109.998611,23.555556,BCS,SLAGUNA,22.4,,,,,
-109.924444,22.888333,BCS,SLUBS,0,,,,,
-109.716667,23.45,BCS,SNTBS,9.21,,,,,
-112.283333,27.3,BCS,SRLBS,13.01,,,,,
-110.216667,23.433333,BCS,TSNBS,26.51,,,,,
-89.743889,20.003889,CAMP,BOLCA,54,,,,,
-90.575556,19.295,CAMP,CANCA,29.92,,,,,
-91.761389,18.654167,CAMP,CARCA,7.41,,,,,
-91.765278,18.658056,CAMP,CDCCA,16,,,,,
-90.72,19.361667,CAMP,CHMCA,38.01,,,,,
-90.544167,19.838333,CAMP,CMPCA,24.5,,,,,
-91.046111,18.183056,CAMP,CNDCA,10.45,,,,,
-90.507222,19.838611,CAMP,COBCA,22.4,,,,,
-89.723889,19.4625,CAMP,DZILBACHEN,14.4,,,,,
-90.741111,18.604444,CAMP,ESCCA,17.93,,,,,
-90.105556,20.184167,CAMP,HECCA,20,,,,,
-89.848333,19.751944,CAMP,HPOCA,52.8,,,,,
-90.820833,18.056944,CAMP,MONCLOVACAMP,15.4,,,,,
-90.221389,19.605833,CAMP,NYXCA,6.1,,,,,
-90.374167,19.943333,CAMP,PETENES,15.8,,,,,
-92.086944,18.253056,CAMP,PLZCA,33,,,,,
-91.175833,18.972778,CAMP,SBNCA,8,,,,,
-89.860278,19.664444,CAMP,XCPCA,12.03,,,,,
-102.585833,22.177222,CAMP,XPJCA,21,,,,,
-107.482778,28.481667,CHIH,AGZCH,20,,,,,
-107.255556,28.771667,CHIH,BACCH,13,,,,,
-108.209167,28.198889,CHIH,BASCH,60.72,,,,,
-108.206389,28.208889,CHIH,BSSCH,75.9,,,,,
-107.723611,27.033611,CHIH,BTPCH,15.61,,,,,
-107.9,27.9,CHIH,BTVCH,54.5,,,,,
-106.5,29.05,CHIH,C08099,10,,,,,
-108.533333,28.133333,CHIH,C08182,43.01,,,,,
-108.083333,29.216667,CHIH,C08219,20.5,,,,,
-107.7,28.75,CHIH,C08243,17.2,,,,,
-105.966667,28.7,CHIH,C08270,6.72,,,,,
-107.930833,30.376667,CHIH,CAGCH,5.3,,,,,
-105.446944,28.210833,CHIH,CDLCH,11.51,,,,,
-106.770556,26.229444,CHIH,CHNCH,27.53,,,,,
-106.167778,28.570556,CHIH,CHUCH,6.4,,,,,
-106.400278,31.736667,CHIH,CJZCH,4.02,,,,,
-105.381667,27.410278,CHIH,CL2CH,8.01,,,,,
-105.382222,27.576389,CHIH,CLNCH,7.5,,,,,
-108.541667,27.416667,CHIH,CNDCH,44.01,,,,,
-106.119444,28.614722,CHIH,ERECH,6.4,,,,,
-105.628889,28.166111,CHIH,FIMCH,10.02,,,,,
-107.072222,26.816667,CHIH,GCCCH,34,,,,,
-108.3,29.2,CHIH,GPCCH,25.4,,,,,
-107.072778,26.813056,CHIH,GRCCH,38.4,,,,,
-107.879167,26.870833,CHIH,IGNCH,25,,,,,
-104.912778,27.126667,CHIH,JMNCH,7.4,,,,,
-105.414167,27.544722,CHIH,LBQCH,10.51,,,,,
-107.025833,29.88,CHIH,LJSCH,4.5,,,,,
-105.28,28.984444,CHIH,LLNCH,7.51,,,,,
-107.994167,27.858611,CHIH,MAGCH,4.32,,,,,
-104.410833,29.565,CHIH,OJNCH,13.02,,,,,
-105.254167,26.546389,CHIH,PAGCH,6.02,,,,,
-105.620556,28.165278,CHIH,PFCOIMADERO,7.25,,,,,
-105.675556,26.917778,CHIH,PRRCH,11.74,,,,,
-106.085556,28.656944,CHIH,QIJCH,6.41,,,,,
-106.383333,26.466667,CHIH,RVGCH,32.2,,,,,
-107.973333,26.9425,CHIH,TB2CH,31.3,,,,,
-107.85,28.95,CHIH,TMCCH,8.36,,,,,
-107.384167,29.5625,CHIH,TNTCH,7,,,,,
-107.9125,27.216667,CHIH,URECH,33.71,,,,,
-107.916944,27.215556,CHIH,URICH,22.86,,,,,
-105.16,26.738611,CHIH,VICCH,6.04,,,,,
-105.806944,27.454444,CHIH,VZRCH,11.01,,,,,
-108.166667,29.666667,CHIH,YEPCH,0,,,,,
-92.804167,16.552778,CHIS,ACACP,0.8,,,,,
-92.034722,16.737778,CHIS,ALTAMIRANO,25.6,,,,,
-92.778889,16.401389,CHIS,ANGCP,0.01,,,,,
-92.300278,15.124722,CHIS,ARGOVIA,33.6,,,,,
-93.8975,16.241111,CHIS,AROCP,14.2,,,,,
-92.905833,16.997222,CHIS,BOCHIL,9.9,,,,,
-93.15,16.641944,CHIS,BOQCP,0,,,,,
-92.716667,15.35,CHIS,CACCP,5.9,,,,,
-92.4875,16.308333,CHIS,CASCAJAL,1,,,,,
-92.479167,16.308333,CHIS,CASCP,0,,,,,
-92.483056,15.969167,CHIS,CATARINITAS,0,,,,,
-91.949722,17.85,CHIS,CATAZAJA,35.4,,,,,
-91.703333,17.472222,CHIS,CHACAMAX,130,,,,,
-91.710278,16.383056,CHIS,CHAYABE,83.5,,,,,
-92.281389,15.750278,CHIS,CHICOMUSELO,4.8,,,,,
-93.100556,16.941667,CHIS,CHICP,4.4,,,,,
-92.283333,15.75,CHIS,CHMCP,0.8,,,,,
-92.1,16.2,CHIS,COOCP,2.24,,,,,
-92.575,15.204167,CHIS,DESCP,6.41,,,,,
-92.590833,16.686111,CHIS,ELAGUAJE,5.6,,,,,
-92.95,15.495833,CHIS,ELNCP,29.01,,,,,
-92.808056,15.656667,CHIS,ELTRIUNFO,22.4,,,,,
-92.755278,15.071111,CHIS,ENCRUCIJADA,0,,,,,
-92.829444,17.373056,CHIS,ESCALONCP,263.2,,,,,
-92.666667,15.316667,CHIS,ESCCP,6.71,,,,,
-92.67,15.33,CHIS,ESCUINTLA,0,,,,,
-93.125,16.975,CHIS,GRICP,6.2,,,,,
-92.402778,14.997222,CHIS,HUECP,3.41,,,,,
-92.472222,15.133333,CHIS,HUICP,30,,,,,
-92.471389,15.146944,CHIS,HUIXTLA,26.2,,,,,
-92.184722,14.626111,CHIS,ILRAYON,0,,,,,
-92.72,15.886111,CHIS,JALTENANGO,0.6,,,,,
-92.725,15.866667,CHIS,JAPCP,2,,,,,
-93.381389,17.364167,CHIS,JDGCP,223.1,,,,,
-92.898611,15.996389,CHIS,JSBCP,2.5,,,,,
-90.702222,16.580833,CHIS,LACCP,95.21,,,,,
-93.28,17.96,CHIS,MACAYOMI,0,,,,,
-93.598889,17.178611,CHIS,MALCP,84.62,,,,,
-92.883333,15.45,CHIS,MAPCP,40.02,,,,,
-92.0025,16.002222,CHIS,MOZCP,2,,,,,
-93.631667,16.493889,CHIS,NVAPALESTINA,0,,,,,
-93.150556,17.220556,CHIS,OCOCP,230.4,,,,,
-92.3375,16.851111,CHIS,OXCHUC,54,,,,,
-91.968056,15.848611,CHIS,PCOCP,3.61,,,,,
-93.458611,17.446111,CHIS,PENCP,156.7,,,,,
-93.216667,15.691667,CHIS,PIJCP,0,,,,,
-93.552778,17.348333,CHIS,RCACP,143.3,,,,,
-92.666667,15.916667,CHIS,REFCP,0.7,,,,,
-93.079167,16.158333,CHIS,REVCP,0,,,,,
-92.35,17.566667,CHIS,SAACP,219,,,,,
-93.741111,16.699722,CHIS,SANTALUCIAHM,2.8,,,,,
-93.383333,17.425,CHIS,SAYCP,219.4,,,,,
-92.633333,16.733333,CHIS,SCOCP,1.41,,,,,
-92.616667,16.741667,CHIS,SCRCP,2.16,,,,,
-92.105556,15.775,CHIS,SDOCP,0.01,,,,,
-92.321944,15.558056,CHIS,SILTEPEC,59.4,,,,,
-93.55,17.35,CHIS,SITALA,105.8,,,,,
-92.916667,17.5,CHIS,SJOTB,166.1,,,,,
-92.239444,15.775,CHIS,SMICP,0.42,,,,,
-92.820833,16.938889,CHIS,SNACP,73.8,,,,,
-92.266667,14.9,CHIS,TAMCP,5.5,,,,,
-92.183333,14.9,CHIS,TAPCP,0,,,,,
-93.383333,17.425,CHIS,TAPILULA,132.3,,,,,
-93.529167,15.875,CHIS,TPICP,0,,,,,
-93.1,16.761944,CHIS,TUXCP,0,,,,,
-93.133333,16.75,CHIS,TXOCP,0,,,,,
-93.068056,16.716944,CHIS,TXZCP,0,,,,,
-92.147222,15.091111,CHIS,VTACANA,14.8,,,,,
-93.330556,17.116667,CHIS,YAMCP,64.4,,,,,
-91.729722,16.909167,CHIS,YAQUINTELA,30.6,,,,,
-92.050556,16.116389,CHIS,ZAPALUTA,4.8,,,,,
-101.057222,29.446944,COAH,AMSCL,3.01,,,,,
-100.929722,25.561111,COAH,ARACL,11.12,,,,,
-101.116667,29.15,COAH,CBRCL,2,,,,,
-102.064444,26.983333,COAH,CCGCL,13.9,,,,,
-100.950278,29.327778,COAH,CDACL,3.02,,,,,
-100.661111,26.844444,COAH,CDLCL,14.02,,,,,
-100.95,29.213611,COAH,CNTCL,5,,,,,
-103.338333,25.695833,COAH,CUICL,2.5,,,,,
-103.469167,25.542222,COAH,CYTCL,1.53,,,,,
-100.920833,25.436111,COAH,ESLCL,10.45,,,,,
-103.262778,25.773889,COAH,FIMCL,2.02,,,,,
-100.832222,28.82,COAH,LFGCL,0,,,,,
-101.4225,26.908333,COAH,MCVCL,5.61,,,,,
-101.33,27.92,COAH,NUEVAROSITA,4,,,,,
-100.5325,28.706667,COAH,PNGCL,3.8,,,,,
-101.002222,27.422222,COAH,PRSCL,18,,,,,
-100.634444,28.898611,COAH,RioSanRodrigoC,2.25,,,,,
-101.016667,25.376389,COAH,SALCL,7.01,,,,,
-100.730833,29.071944,COAH,SANDIEGOC,1.75,,,,,
-101.122778,27.846667,COAH,SBNCL,5.54,,,,,
-100.953889,29.034167,COAH,SMGCL,0,,,,,
-103.699722,27.285278,COAH,SMJCL,4.7,,,,,
-102.979444,25.7575,COAH,SPECL,2.52,,,,,
-101.016667,25.376389,COAH,STOCL,7.42,,,,,
-103.45,25.541667,COAH,TORCL,3.55,,,,,
-100.616111,27.515,COAH,VCRCL,15.03,,,,,
-100.898889,29.033889,COAH,ZPTCL,5,,,,,
-103.611389,19.248611,COL,BVSCM,0.01,,,,,
-103.723611,18.754722,COL,CDOCM,0.01,,,,,
-103.702778,19.295,COL,CHNCM,0.01,,,,,
-103.6325,18.813056,COL,CLLCM,5.2,,,,,
-103.757222,19.3175,COL,CMLCM,0.01,,,,,
-103.804167,19.2125,COL,CQMCM,0.01,,,,,
-103.884444,19.111389,COL,DJLCM,8.8,,,,,
-103.866389,19.17,COL,LAECM,0.3,,,,,
-103.774167,18.809167,COL,LDACM,0.01,,,,,
-103.725278,19.223333,COL,LPSCM,0.2,,,,,
-104.297778,19.069167,COL,MANZANILLOmar,0,,,,,
-104.318333,19.044444,COL,MNZCM,0,,,,,
-103.816667,19.266667,COL,PNTCM,20,,,,,
-103.725278,19.223333,COL,RDRCM,0,,,,,
-103.700833,19.408333,COL,SCHCM,1.2,,,,,
-103.9175,19.463611,COL,SMANANTLANI,8.6,,,,,
-103.882778,18.925556,COL,TCMCM,0.01,,,,,
-103.396667,18.967222,COL,TRJCM,0.01,,,,,
-103.663333,19.2775,COL,TRPCM,0.01,,,,,
-99.210278,19.218611,DF,AJSDF,1.27,,,,,
-99.171667,19.453333,DF,CBIDF,0.75,,,,,
-99.180556,19.346667,DF,CCUDF,7.87,,,,,
-98.999444,19.357222,DF,CDMDF,17.01,,,,,
-99.1125,19.407778,DF,CDVDF,8.38,,,,,
-99.1375,19.516667,DF,CEADF,3.2,,,,,
-99.208333,19.155556,DF,CFSDF,0,,,,,
-99.1375,19.469722,DF,CMTDF,0,,,,,
-99.183333,19.486389,DF,CMYDF,3.3,,,,,
-99.09,19.190278,DF,CTNDF,1.78,,,,,
-99.09,19.484167,DF,CYLDF,17.52,,,,,
-99.205,19.3,DF,DATDF,2,,,,,
-99.131389,19.431111,DF,DDFDF,4.31,,,,,
-99.309167,19.313333,DF,DTLDF,6.36,,,,,
-99.15,19.383333,DF,DVLDF,4.32,,,,,
-99.151944,19.300556,DF,EAZDF,7.87,,,,,
-99.286389,19.3625,DF,EYQDF,1.02,,,,,
-99.352222,19.295,DF,EZCDF,6.86,,,,,
-99.091667,19.478056,DF,GCNDF,18.6,,,,,
-99.2625,19.308056,DF,HYTDF,1.53,,,,,
-99.066667,19.377778,DF,LU4DF,10.41,,,,,
-99.3,19.340556,DF,LVNDF,2.28,,,,,
-99.283333,19.216667,DF,MAGDF,0.25,,,,,
-99.133889,19.403333,DF,MCRDF,12.95,,,,,
-99.233056,19.187778,DF,MZTDF,1.77,,,,,
-99.096389,19.316389,DF,OCSDF,3.81,,,,,
-99.100278,19.379167,DF,PBADF,1.52,,,,,
-99.057778,19.433333,DF,PBCDF,7.05,,,,,
-99.119444,19.486667,DF,PBLDF,13.72,,,,,
-99.037778,19.38,DF,PBODF,12.7,,,,,
-99.170556,19.435556,DF,PBTDF,2.28,,,,,
-99.2,19.413056,DF,PCHDF,3.3,,,,,
-99.097222,19.455833,DF,PGNDF,7.62,,,,,
-99.076389,19.336944,DF,PLEDF,22.36,,,,,
-99.068333,19.420278,DF,PLMDF,10.16,,,,,
-99.126389,19.365278,DF,PMLDF,0,,,,,
-99.090833,19.246389,DF,PNTDF,4.57,,,,,
-99.154444,19.513056,DF,PRMDF,2.03,,,,,
-99.154444,19.513056,DF,PRRDF,0,,,,,
-99.023056,19.299167,DF,PSCDF,2.54,,,,,
-99.05,19.233333,DF,PSLDF,2.54,,,,,
-99.163889,19.468889,DF,PSNDF,3.56,,,,,
-99.171111,19.263056,DF,PSPDF,1.78,,,,,
-99.190278,19.509167,DF,PTRDF,3.05,,,,,
-99.126111,19.285833,DF,PVCDF,5.59,,,,,
-99.143056,19.331944,DF,PXTDF,5.08,,,,,
-99.194167,19.296111,DF,RBTDF,3.3,,,,,
-99.17,19.4,DF,RCMDF,5.08,,,,,
-99,19.166667,DF,SANDF,16,,,,,
-99.275,19.328611,DF,SBADF,5.08,,,,,
-99.028889,19.338333,DF,SCMDF,30.73,,,,,
-99.122222,19.572222,DF,SGDDF,0,,,,,
-99.066667,19.466667,DF,SJADF,7.8,,,,,
-99.009722,19.281389,DF,SPPDF,2.28,,,,,
-98.960556,19.320833,DF,SSCDF,20.07,,,,,
-99.1425,19.556111,DF,TCMDF,14.22,,,,,
-99.272222,19.373056,DF,TECDF,0.5,,,,,
-99.246389,19.333889,DF,TELDF,2.54,,,,,
-99.098889,19.385556,DF,TEZDF,0,,,,,
-99.211667,19.399167,DF,TNGDF,0,,,,,
-99.135833,19.199444,DF,TPJDF,1.02,,,,,
-99.084722,19.440833,DF,TPNDF,8.38,,,,,
-99.2125,19.361944,DF,TRGDF,3.56,,,,,
-99.248611,19.316667,DF,TSFDF,2.54,,,,,
-99.228611,19.436389,DF,TSJDF,9.14,,,,,
-99.264444,19.359722,DF,TSLDF,2.03,,,,,
-98.970833,19.210278,DF,TTLDF,6.86,,,,,
-99.211667,19.510278,DF,VDCDF,3.81,,,,,
-104.493889,26.226389,DGO,APRDR,0,,,,,
-104.7,24,DGO,CAGDR,1.81,,,,,
-104.8,24.516667,DGO,CB2DR,3.01,,,,,
-104.810278,24.538333,DGO,CBRDR,3.02,,,,,
-104.123333,26.521667,DGO,CEBDR,9.22,,,,,
-104.121111,24.4375,DGO,CGVDR,3.51,,,,,
-103.521667,25.533333,DGO,CLRDR,2.93,,,,,
-103.698889,24.871944,DGO,CNCDR,3,,,,,
-104.75,24.5,DGO,CNTDR,2.7,,,,,
-104.666667,24.033333,DGO,DRGDR,1.21,,,,,
-103.960278,24.001667,DGO,FV2DR,1.51,,,,,
-103.960833,24.001667,DGO,FVLDR,1.51,,,,,
-103.773611,25.270833,DGO,FZRDR,5.62,,,,,
-105.25,25.5,DGO,GESDR,2.02,,,,,
-105.955556,25.934722,DGO,GNCDR,10,,,,,
-104.753056,23.961111,DGO,GVCDR,0.5,,,,,
-104.751944,23.960278,DGO,GVHDR,0.5,,,,,
-103.983333,26.549722,DGO,LAFLOR,7.8,,,,,
-105.015833,25.594167,DGO,LCRDR,5.35,,,,,
-103.283889,25.068056,DGO,LFLDR,1.02,,,,,
-105.466111,24.185833,DGO,LVEDR,12.62,,,,,
-104.246944,23.387778,DGO,MICHILIA,5,,,,,
-103.85,25.816667,DGO,MPMDR,6.01,,,,,
-105.0475,23.899167,DGO,NAVDR,19.9,,,,,
-104.113889,25.225556,DGO,NZSDR,11.01,,,,,
-104.655556,24.237222,DGO,PA2DR,1.2,,,,,
-104.656667,24.203889,DGO,PAGDR,1.2,,,,,
-104.333056,24.538333,DGO,PDCDR,3.41,,,,,
-104.558333,25.181944,DGO,RDODR,2.02,,,,,
-106.366667,26.133333,DGO,ROSDR,11,,,,,
-105.443056,25.225,DGO,SACDR,10.31,,,,,
-105.331111,26.433056,DGO,SANANTONIO,0,,,,,
-104.673889,23.873333,DGO,SB2DR,1.3,,,,,
-105.526667,26.004444,DGO,SBEDR,6,,,,,
-104.675833,23.874444,DGO,SBYDR,1.3,,,,,
-103.353056,24.469167,DGO,SCLDR,6.5,,,,,
-103.079722,24.608333,DGO,SELDR,5.31,,,,,
-105.560833,26.436667,DGO,SGBDR,2.03,,,,,
-102.778056,24.630556,DGO,SJGDR,10,,,,,
-105.666667,23.75,DGO,SLTDR,32.5,,,,,
-105.366667,25.953333,DGO,SMODR,4.73,,,,,
-104.2925,25.564167,DGO,SPGDR,2.1,,,,,
-105.422222,25.0375,DGO,SPPDR,2.41,,,,,
-105.566667,26.084444,DGO,SRDDR,0,,,,,
-106.538056,24.702222,DGO,TDRDR,10.81,,,,,
-103.441667,26.1125,DGO,THODR,11.81,,,,,
-106.975,24.933333,DGO,TMZDR,1.5,,,,,
-103.979722,24.810833,DGO,VGCDR,2,,,,,
-104.928889,26.2425,DGO,VHGDR,30.5,,,,,
-105.5025,26.440556,DGO,VILLAOCAMPO,5.2,,,,,
-105.506111,26.447778,DGO,VOCDR,2.02,,,,,
-99.906667,16.849722,GRO,ACAGR,0,,,,,
-99.749167,16.762778,GRO,ACUGR,0,,,,,
-99.516944,17.576389,GRO,AERGR,0,,,,,
-100.5175,18.075833,GRO,AFIGR,0,,,,,
-98.975278,17.719722,GRO,AHUGR,3.5,,,,,
-100.5,18.154167,GRO,AJCGR,0,,,,,
-100.44,17.209444,GRO,ATOYAC,11,,,,,
-100.433333,17.210278,GRO,ATYGR,0,,,,,
-99.1,16.949444,GRO,AYUGR,0,,,,,
-99.2,18.2,GRO,BVSGR,8,,,,,
-100.664444,18.359444,GRO,CALGR,0,,,,,
-99.701111,17.672222,GRO,CCHGR,0,,,,,
-100.089444,17.008889,GRO,CDBGR,0,,,,,
-99.5,17.545278,GRO,CHIGR,2.1,,,,,
-99.175833,17.608611,GRO,CHLGR,1,,,,,
-98.411944,16.47,GRO,CNLGR,0,,,,,
-101.054444,17.376944,GRO,CYQGR,6.5,,,,,
-99.995556,17.947778,GRO,ECAGR,0,,,,,
-99.332778,18.3025,GRO,HTZGR,0,,,,,
-99.55,18.349722,GRO,IGLGR,0,,,,,
-99.524167,18.360278,GRO,IGUALA,0,,,,,
-98.513333,17.6225,GRO,IXTGR,0,,,,,
-99.783333,16.966667,GRO,K21GR,0,,,,,
-101.003056,18.418611,GRO,LCLGR,0,,,,,
-100.018056,16.958333,GRO,LDCGR,0,,,,,
-99.235,16.76,GRO,LDGGR,0,,,,,
-99.503056,18.363333,GRO,LDTGR,0,,,,,
-99.369167,17.471111,GRO,MCHGR,16.3,,,,,
-99.799722,16.8,GRO,ODAGR,0,,,,,
-99.5,17.6,GRO,ODZGR,0,,,,,
-98.735,17.777222,GRO,OLNGR,6.5,,,,,
-98.433333,16.683333,GRO,OMEGR,0,,,,,
-99.433333,17.984444,GRO,PETGR,0,,,,,
-98.500556,16.655833,GRO,QTZGR,0,,,,,
-99.166111,16.823611,GRO,RMEGR,0,,,,,
-100.472778,17.139444,GRO,SJEGR,0,,,,,
-99.482778,16.796389,GRO,SNMGR,0,,,,,
-99.605278,18.554444,GRO,TAXGR,0,,,,,
-99.526389,17.1675,GRO,TCOGR,0,,,,,
-99.976389,17.789722,GRO,TLAGR,0,,,,,
-98.6,17.5,GRO,TLPGR,0,,,,,
-99.399444,17.568056,GRO,TXTGR,0.2,,,,,
-100.265833,18.382778,GRO,VGRGR,0,,,,,
-99.466111,18.295833,GRO,VTRGR,0,,,,,
-98.488333,17.903889,GRO,XXHGR,0,,,,,
-99.933333,17.603333,GRO,YXTGR,0,,,,,
-101.545,17.863333,GRO,ZHTGR,0,,,,,
-101.516667,20.433333,GTO,ABSGJ,12.3,,,,,
-100.716667,20.033333,GTO,ACNGJ,2.04,,,,,
-100.683333,20.533333,GTO,AEGGJ,0,,,,,
-100.583333,20.55,GTO,AMCGJ,0,,,,,
-100.620833,20.454167,GTO,APSGJ,0,,,,,
-101.625556,20.499167,GTO,ATBGJ,1.02,,,,,
-101.631667,21.2925,GTO,BARBOSA,6.08,,,,,
-101.833333,21.05,GTO,BRRGJ,7.23,,,,,
-100.899722,20.280278,GTO,CBOGJ,4,,,,,
-100.816667,20.533333,GTO,CLYGJ,2.1,,,,,
-101.474722,21.068056,GTO,COMGJ,0,,,,,
-100.363333,20.198333,GTO,CORGJ,1.2,,,,,
-101.630278,20.506667,GTO,CORRALEJO,1.76,,,,,
-101.666667,20.616667,GTO,CRMGJ,0,,,,,
-100.95,20.483333,GTO,CRTGJ,15,,,,,
-100.9,20.95,GTO,CSRGJ,0.01,,,,,
-101.666667,21.2,GTO,CSTGJ,8.9,,,,,
-100.933333,21.15,GTO,DHGGJ,0.01,,,,,
-101.835278,21.05,GTO,EBAGJ,7.22,,,,,
-100.5,20.2,GTO,ECBGJ,1.03,,,,,
-101.2,20.9,GTO,ECHGJ,0.01,,,,,
-101.366667,20.733333,GTO,ECNGJ,4.3,,,,,
-101.688056,21.173333,GTO,EPLGJ,3,,,,,
-101.7425,20.439167,GTO,GLNGJ,1.01,,,,,
-101.265,21.012222,GTO,GTOGJ,0,,,,,
-100.825833,20.848056,GTO,IALGJ,0.01,,,,,
-101.35,20.683333,GTO,IRPGJ,3.2,,,,,
-100.516667,20.133333,GTO,JCRGJ,0.03,,,,,
-100.525833,20.610278,GTO,LADGJ,1.52,,,,,
-101.073056,20.286944,GTO,LDYGJ,2.51,,,,,
-101.666667,21.1,GTO,LENGJ,1.01,,,,,
-100.866667,20.383333,GTO,LGVGJ,9,,,,,
-101.358889,20.276111,GTO,LJIGJ,8,,,,,
-101.106944,21.3225,GTO,LQMGJ,0,,,,,
-101.931944,20.504444,GTO,MABGJ,0,,,,,
-101.516667,21.633333,GTO,OCMGJ,10,,,,,
-100.9,21.1,GTO,PDLGJ,0.01,,,,,
-101.133333,20.516667,GTO,PERGJ,0.01,,,,,
-100.878333,21.105,GTO,PNLGJ,0.3,,,,,
-100.496111,21.22,GTO,POZGJ,0,,,,,
-101.287778,20.867222,GTO,PRSGJ,0,,,,,
-101.216667,21.483333,GTO,SFEGJ,3.2,,,,,
-101.016667,20.4,GTO,SJLGJ,7.7,,,,,
-101.199444,20.565278,GTO,SLMGJ,17.8,,,,,
-100.516667,21.3,GTO,SLPGJ,0,,,,,
-100.667222,20.051667,GTO,SLSGJ,1.02,,,,,
-100.884722,20.214167,GTO,SLVGJ,1.71,,,,,
-101.016389,20.430833,GTO,SMAGJ,0.9,,,,,
-100.745833,20.577778,GTO,SMOGJ,0.01,,,,,
-101.066667,20.3,GTO,SRTGJ,0.03,,,,,
-100.75,20.283333,GTO,TARGJ,0.04,,,,,
-101.3,20.6,GTO,TEMGJ,2.51,,,,,
-100.8,20.5,GTO,TGRGJ,0,,,,,
-101.182222,20.388611,GTO,VDSGJ,0.01,,,,,
-100.0925,21.298889,GTO,XICGJ,1.7,,,,,
-98.941667,20.268056,HGO,ACTHD,8.5,,,,,
-98.333333,21.016667,HGO,ATCHD,19,,,,,
-99.36,20.163889,HGO,ENDHD,16.01,,,,,
-99.648889,20.371389,HGO,HCPHD,5.9,,,,,
-98.416667,21.15,HGO,HJTHD,43.11,,,,,
-99.706944,20.32,HGO,HUICHAPAN,5.25,,,,,
-99.220833,20.481944,HGO,IXMHD,0.3,,,,,
-98.128889,20.136111,HGO,LAGUNASGT,15.1,,,,,
-99.348056,20.056667,HGO,LASROSAS,13.1,,,,,
-98.757222,20.591667,HGO,LMTHD,2,,,,,
-99.218611,20.2375,HGO,MXQHD,11.5,,,,,
-98.6,21.166667,HGO,ORZHD,63.93,,,,,
-98.7475,20.123333,HGO,PCOHD,4.5,,,,,
-98.334722,20.0575,HGO,PERHD,6.11,,,,,
-99.329444,20.359722,HGO,PRGHD,1.01,,,,,
-99.310833,19.963056,HGO,PRQHD,15,,,,,
-99.375833,20.435556,HGO,PVAHD,1,,,,,
-98.369444,20.083333,HGO,TLGHD,3,,,,,
-99.385,19.835278,HGO,TXMHD,23,,,,,
-99.501111,20.663333,HGO,ZMPHD,1.9,,,,,
-98.647222,20.652778,HGO,ZXTHD,21,,,,,
-103.133333,20.316667,JAL,ACHAPALAGDL,0,,,,,
-103.591111,20.424444,JAL,ACTJL,0,,,,,
-102.436944,21.599444,JAL,AJJJL,15.01,,,,,
-103.091944,20.397222,JAL,ATQJL,7.4,,,,,
-103.446389,20.746667,JAL,BAZJL,7.71,,,,,
-104.061111,19.913611,JAL,BBAJL,0,,,,,
-103.726111,22.4,JAL,BCSJL,3.1,,,,,
-103.783611,21.830556,JAL,BLNJL,2,,,,,
-103.465278,19.697778,JAL,CGZJL,8,,,,,
-103.201944,20.290556,JAL,CHAJL,8.64,,,,,
-105.044722,19.498611,JAL,CHAMELA,0.2,,,,,
-104.554444,19.628611,JAL,CHFJL,0,,,,,
-102.944167,20.489722,JAL,CHLJL,7.01,,,,,
-104.566667,19.233333,JAL,CIHJL,0,,,,,
-103.25,22.133333,JAL,CLTJL,10.4,,,,,
-105.129722,19.9975,JAL,CPEJL,0,,,,,
-104.780833,20.479722,JAL,CRNJL,0,,,,,
-101.7375,21.497778,JAL,CRTJL,31.8,,,,,
-102.7825,20.341389,JAL,CUIJL,8.01,,,,,
-105.05,20.583333,JAL,CULJL,0.91,,,,,
-102.85,21.133333,JAL,CUNJL,22.51,,,,,
-103.45,21.066667,JAL,CXTJL,5.4,,,,,
-104.285278,19.845833,JAL,ELCJL,0,,,,,
-103.333333,20.733333,JAL,EXPJL,30.43,,,,,
-102.766667,20.298056,JAL,FTEJL,7.01,,,,,
-103.373889,20.672778,JAL,GUAJL,10.63,,,,,
-103.4,20.7,JAL,GUCJL,25.2,,,,,
-104.497222,19.238333,JAL,HIGJL,0,,,,,
-103.651111,20.466944,JAL,HRTJL,2,,,,,
-102.25,20.483333,JAL,HUAJL,1.04,,,,,
-102.705833,20.293889,JAL,JMYJL,5.82,,,,,
-103.644167,20.676389,JAL,LAPRIMAVERA,2.2,,,,,
-102.931944,20.43,JAL,LCLJL,7.01,,,,,
-105.206667,20.728611,JAL,LDBJL,0,,,,,
-103.12,20.18,JAL,LDCJL,7.12,,,,,
-101.919722,21.359722,JAL,LDMJL,31.02,,,,,
-103.590833,19.592222,JAL,NEVADOCOLIMA,12.8,,,,,
-101.916667,21.366667,JAL,OLMJL,20,,,,,
-103.361667,20.583889,JAL,PITJL,3.7,,,,,
-104.105833,21.196944,JAL,PLYJL,0.1,,,,,
-102.231944,20.491111,JAL,POLJL,1.04,,,,,
-104.05,20.55,JAL,RAMJL,8.8,,,,,
-101.835556,21.359167,JAL,SA1JL,34.4,,,,,
-101.85,21.35,JAL,SAUCEDACFE,8,,,,,
-101.85,21.35,JAL,SAUJL,34.4,,,,,
-102.5,21.3,JAL,SGRJL,4.43,,,,,
-103.705556,20.908889,JAL,SRSJL,11.5,,,,,
-102.583333,21.45,JAL,TCAJL,10.04,,,,,
-104.320278,20.036111,JAL,TCTJL,0,,,,,
-103.198611,22.171944,JAL,TENJL,28.01,,,,,
-103.316667,20.583333,JAL,TLAJL,11.83,,,,,
-103.419444,20.4425,JAL,TLAJOMULCO,5.6,,,,,
-104.370278,19.976111,JAL,TMLJL,2.5,,,,,
-103.845833,20.596389,JAL,VEGJL,3.83,,,,,
-103.366667,20.716667,JAL,ZPPJL,11,,,,,
-99.377222,19.377222,MEX,2RSMX,0,,,,,
-99.216667,19.566667,MEX,ARBMX,3.1,,,,,
-98.912222,19.543611,MEX,ATEMX,16.01,,,,,
-99.866667,19.783333,MEX,ATPMX,23,,,,,
-99.589444,19.775,MEX,BUFMX,2,,,,,
-99.7,19.333333,MEX,CALMX,6.5,,,,,
-99.298611,19.406667,MEX,CDBMX,3.3,,,,,
-99.511667,19.205,MEX,CGCMX,2.71,,,,,
-98.888611,19.494167,MEX,CHAPINGO,6.82,,,,,
-99.4675,18.795833,MEX,CHDMX,0,,,,,
-100.116667,19.2,MEX,CHIMX,7,,,,,
-98.884722,19.483333,MEX,CHPMX,8.9,,,,,
-99.239444,19.534167,MEX,CLYMX,6.5,,,,,
-99.304444,19.695,MEX,CNPMX,2,,,,,
-99.631667,19.292222,MEX,COBMX,5.82,,,,,
-100.183333,19.101667,MEX,COLMX,0,,,,,
-99.559722,19.884722,MEX,DNXMX,8,,,,,
-99.238333,19.453611,MEX,EMOMX,0,,,,,
-98.916944,19.578889,MEX,GRDMX,0,,,,,
-99.696944,20.046389,MEX,HPNMX,8.02,,,,,
-99.769444,19.5675,MEX,IXCMX,0.02,,,,,
-98.643056,19.095556,MEX,IXTAPOPO,10.8,,,,,
-99.05,19.633333,MEX,K27MX,4.5,,,,,
-100.075833,19.383333,MEX,LBEMX,4.7,,,,,
-99.220833,19.477778,MEX,MBLMX,6,,,,,
-99.683333,19.116667,MEX,NEVMX,3.05,,,,,
-99.193611,19.616667,MEX,OBSMX,9.9,,,,,
-99.175,19.575,MEX,PBTMX,5.84,,,,,
-99.025,19.65,MEX,PCCMX,4.06,,,,,
-99.181944,19.743056,MEX,PCGMX,11.02,,,,,
-99.010278,19.636944,MEX,PCTMX,8.64,,,,,
-99.611667,18.903333,MEX,PDZMX,0,,,,,
-99.775,19.461667,MEX,PIRMX,0.01,,,,,
-99.248889,19.429444,MEX,PLMMX,5.59,,,,,
-99.260833,19.526944,MEX,PMDMX,6.5,,,,,
-99.739722,20.124167,MEX,PMNMX,5.01,,,,,
-99.864444,20.038611,MEX,PNDMX,0.02,,,,,
-99.268056,19.524444,MEX,PREMX,3.6,,,,,
-99.213333,19.408333,MEX,PTLMX,1.5,,,,,
-99.603333,19.213333,MEX,RECMX,2.62,,,,,
-98.911111,19.530556,MEX,SADMX,12.32,,,,,
-99.704722,19.465833,MEX,SBBMX,0,,,,,
-99.764722,19.238333,MEX,SJHMX,0,,,,,
-98.870833,19.190278,MEX,SLAMX,6.01,,,,,
-99.741667,19.591667,MEX,SLBMX,0.5,,,,,
-99.8,19.633333,MEX,SMLMX,6.01,,,,,
-99.285,19.574444,MEX,SNJMX,0.5,,,,,
-98.858611,19.644722,MEX,SNLMX,3.2,,,,,
-99.8,19.333333,MEX,TBRMX,4.01,,,,,
-98.824722,19.569167,MEX,TEPEATLOXTOC,0,,,,,
-99.935833,18.931389,MEX,TESMX,1.9,,,,,
-98.900833,19.443611,MEX,TJCMX,8.11,,,,,
-99.283333,19.453889,MEX,TOTMX,1.5,,,,,
-99.961389,19.660833,MEX,TPTMX,4.05,,,,,
-100.283333,19.1,MEX,TROMX,1.01,,,,,
-99.283056,19.4525,MEX,TTLMX,8,,,,,
-99.123889,19.904722,MEX,TTQMX,9.51,,,,,
-100.18,19.2075,MEX,VBRMX,0,,,,,
-99.334167,19.382222,MEX,VNDMX,3.05,,,,,
-100.055556,19.461667,MEX,VVCMX,7.5,,,,,
-101.99,20.231389,MICH,ADUMC,3,,,,,
-100.608889,19.579722,MICH,AGOMC,12.2,,,,,
-101.661111,19.926111,MICH,AMEMC,0.2,,,,,
-102.371667,19.082778,MICH,APAMC,0,,,,,
-102.371111,19.083056,MICH,APTMC,0,,,,,
-102.419167,20.183889,MICH,BIBMC,3.01,,,,,
-101.459167,20.319444,MICH,CBLMC,6.11,,,,,
-102.265278,19.973611,MICH,CHAMC,2.6,,,,,
-100.55,19.7,MICH,CHIMC,0,,,,,
-102.774167,19.287778,MICH,CHLMC,22.5,,,,,
-100.9,18.5,MICH,CMNMC,0,,,,,
-101.259167,19.629722,MICH,COIMC,5.83,,,,,
-101.861667,20.207222,MICH,CORMC,10.42,,,,,
-100.421111,19.387778,MICH,DBOMC,0,,,,,
-102.436944,20.304444,MICH,DGNMC,3.4,,,,,
-100.45,19.966667,MICH,EGIMC,1.5,,,,,
-102.541389,19.979167,MICH,GUAMC,6.86,,,,,
-101.883333,18.266667,MICH,INFMC,0,,,,,
-102.601944,19.958333,MICH,JARMC,7.31,,,,,
-101.626667,20.248889,MICH,LANMC,1.6,,,,,
-101.940833,20.038333,MICH,LDFMC,6.5,,,,,
-102.865556,19.210833,MICH,LOLMC,42,,,,,
-102.751389,20.146667,MICH,LPAMC,26.2,,,,,
-102.004444,20.354444,MICH,LPDMC,1.2,,,,,
-102.9,18.8,MICH,LPNMC,0,,,,,
-102.2,18.8,MICH,LPSMC,0,,,,,
-101.2,18.8,MICH,LPZMC,0,,,,,
-101.1,19.7,MICH,MCEMC,14.11,,,,,
-102.2,17.899167,MICH,MLCMC,0,,,,,
-100.873611,19.829167,MICH,MLPMC,0.01,,,,,
-100.29,19.539167,MICH,MMONII,7,,,,,
-101.2,19.7,MICH,MNOMC,46.81,,,,,
-101.724444,20.127222,MICH,MOCMC,14.01,,,,,
-101.176111,19.688611,MICH,MORMC,19.82,,,,,
-100.879167,19.835556,MICH,MPSMC,0.1,,,,,
-100.439167,19.890833,MICH,MRVMC,13,,,,,
-102.325,19.964167,MICH,ORAMC,4,,,,,
-100.618889,20.277778,MICH,P3MEZQUITES,2,,,,,
-101.05,19.49,MICH,PDBMC,21,,,,,
-102.601389,19.959167,MICH,PDEGONZALO,4.4,,,,,
-102.431389,20.303056,MICH,PJARIPO,14,,,,,
-101.6,20.3,MICH,PORMC,0.82,,,,,
-100.684167,19.621389,MICH,PUCMC,7.8,,,,,
-102.136944,19.961389,MICH,PUREPETIRO,2,,,,,
-102.716667,20.066667,MICH,SAHMC,4.02,,,,,
-102.464722,20.208333,MICH,SCRMC,10.52,,,,,
-102.651389,19.839444,MICH,SJUMC,18,,,,,
-102.4,20.1,MICH,SSIMC,6.01,,,,,
-100.229167,20.000278,MICH,TEPMC,1.5,,,,,
-102.137778,19.962222,MICH,UREMC,2.8,,,,,
-102.180278,18.048333,MICH,VILMC,2.79,,,,,
-101.45,19.55,MICH,VJIMC,10.61,,,,,
-102.242222,20.339444,MICH,YURMC,5.2,,,,,
-102.284167,20.006667,MICH,ZAMMC,2.5,,,,,
-101.795,19.805278,MICH,ZCAMC,10.01,,,,,
-101.931944,18.921111,MICH,ZICMC,0,,,,,
-100.828611,19.860278,MICH,ZINMC,1.6,,,,,
-98.829167,18.947222,MOR,ACHMR,0.8,,,,,
-99.265833,18.735,MOR,ALUMR,0,,,,,
-99.4,18.6,MOR,AMCMR,6.5,,,,,
-99.463611,18.68,MOR,APAMR,0,,,,,
-98.928056,18.948889,MOR,ATLMR,0,,,,,
-98.9,18.8,MOR,CUAMR,0,,,,,
-99.2,18.9,MOR,CUEMR,0,,,,,
-98.786667,18.690556,MOR,ELPMR,0,,,,,
-99.180278,18.573889,MOR,HIGMR,0,,,,,
-99.424167,18.608333,MOR,HUAMR,0,,,,,
-98.75,18.883333,MOR,HUEMR,0,,,,,
-99.015833,19.028889,MOR,HUIMR,0,,,,,
-99.025,18.441389,MOR,HUTMR,0,,,,,
-98.781667,18.936667,MOR,HUXMR,0,,,,,
-99.158611,18.883611,MOR,IMTMR,0,,,,,
-98.8,18.7,MOR,JNCMR,0,,,,,
-99.2,18.6,MOR,JOJMR,0,,,,,
-98.916667,18.683333,MOR,LCUMR,0,,,,,
-99.4,18.7,MOR,MIAMR,0,,,,,
-99.004722,18.727222,MOR,MYOMR,0,,,,,
-99.140833,18.519444,MOR,NEXMR,0,,,,,
-99.258333,18.734722,MOR,OACMR,0,,,,,
-98.901389,18.900556,MOR,OAXMR,0,,,,,
-99.219167,18.908889,MOR,OBSMR,0,,,,,
-98.758611,18.8825,MOR,OCTMR,0,,,,,
-99.322778,18.633333,MOR,PIXMR,4,,,,,
-99.331389,18.765278,MOR,RODMR,0,,,,,
-98.936111,18.541389,MOR,SHUAUTLA,0,,,,,
-99.190556,18.918333,MOR,SLDMR,0,,,,,
-99.042778,18.580278,MOR,SPHMR,0,,,,,
-99.2,18.9,MOR,TEMMR,0,,,,,
-99.078889,18.950833,MOR,TEPOZTLAN,0,,,,,
-98.710278,18.876389,MOR,TETMR,0,,,,,
-99.1,18.794167,MOR,TICMR,0,,,,,
-99.306111,18.487778,MOR,TILMR,0,,,,,
-98.943611,19.038056,MOR,TLCMR,8.01,,,,,
-98.75,18.813333,MOR,TLOMR,0,,,,,
-98.786944,18.778056,MOR,TMCMR,0,,,,,
-98.92,18.9875,MOR,TOTMR,0,,,,,
-98.843611,18.596389,MOR,TPLMR,0,,,,,
-99.250278,18.611111,MOR,TQGMR,0,,,,,
-99.188333,18.521111,MOR,XICMR,0,,,,,
-99.25,18.683333,MOR,XXOMR,0,,,,,
-99.1,18.9,MOR,YAHMR,0,,,,,
-99.200833,18.636667,MOR,ZCTMR,0,,,,,
-105.403333,22.479444,NAY,ACAPONETA,0,,,,,
-104.802222,21.839167,NAY,AGMNR,0,,,,,
-104.450833,21.428333,NAY,CJNNR,0.3,,,,,
-105.136667,20.889722,NAY,GAVNR,3,,,,,
-104.516944,22.250833,NAY,JMANR,0,,,,,
-105.020833,22.377778,NAY,PAJNR,0.06,,,,,
-104.8,21.8,NAY,RSRNR,0,,,,,
-104.891944,21.489444,NAY,TEPNR,1.3,,,,,
-99.680556,24.883333,NL,ADJNL,10.5,,,,,
-99.680556,24.897222,NL,ADJUNTASHUALA,10.5,,,,,
-100.011944,25.272778,NL,AL2NL,53.85,,,,,
-100.134444,27.24,NL,ANHNL,9.57,,,,,
-99.816667,24.1,NL,ARRNL,9.33,,,,,
-99.911667,24.321944,NL,ASCNL,4.52,,,,,
-99.743889,24.99,NL,CABNL,27.31,,,,,
-99.578889,24.871944,NL,CAMNL,31.32,,,,,
-100.274722,25.800556,NL,CANNL,31.25,,,,,
-99.439444,24.976111,NL,CARNL,17.22,,,,,
-99.276944,25.711667,NL,CCHNL,20.44,,,,,
-100.172222,25.952222,NL,CDFNL,54,,,,,
-99.975,25.590278,NL,CDRNL,67.03,,,,,
-99.746944,27.699167,NL,COLOMBIA,18,,,,,
-99.399722,24.9375,NL,CPRNL,21.43,,,,,
-99.6975,24.783611,NL,CRUNL,19.71,,,,,
-99.614167,26.091389,NL,CRVNL,37.73,,,,,
-100.172778,23.676389,NL,DARNL,6,,,,,
-100.198056,25.5175,NL,ECSNL,35,,,,,
-100.308333,25.576944,NL,ELDIENTE,52.2,,,,,
-100.083333,24.833333,NL,GALNL,2.9,,,,,
-99.975556,25.765,NL,LAARENA,55,,,,,
-100.128056,25.428056,NL,LBCNL,38.2,,,,,
-99.527222,25.497222,NL,LERNL,27.05,,,,,
-99.401389,25.898333,NL,LosHerrera,27.25,,,,,
-99.196667,26.022222,NL,MDRNL,29.24,,,,,
-99.833333,25.174167,NL,MTMNL,51.74,,,,,
-100.271667,25.6825,NL,MTRNL,36.32,,,,,
-100.118056,23.4225,NL,MYNNL,9.73,,,,,
-100.304722,25.733611,NL,OBSNL,36.32,,,,,
-99.221667,24.992778,NL,PAMNL,15.03,,,,,
-100.372222,27.429167,NL,PSANL,15.03,,,,,
-100.551111,25.028333,NL,SRANL,7.01,,,,,
-99.77,25.503611,NL,Tepehuaje,34.25,,,,,
-99.777778,23.981389,NL,ZRGNL,8,,,,,
-95.698889,16.009167,OAX,ASTOX,92.7,,,,,
-96.53,17.43,OAX,ATEOX,4,,,,,
-96.1,17.016667,OAX,AYUOX,9,,,,,
-96.716667,17.066667,OAX,BAEOX,1.8,,,,,
-95.929167,16.647222,OAX,BOQOX,0.01,,,,,
-96.263611,17.999167,OAX,CDOOX,143.31,,,,,
-94.816667,16.583333,OAX,CHIOX,1.84,,,,,
-96.658333,18.492778,OAX,CSPOX,26.07,,,,,
-96.416667,18.233333,OAX,DPSOX,101.04,,,,,
-95.424722,16.436389,OAX,EMAOX,0.01,,,,,
-97.783333,17.8,OAX,HLOOX,1.8,,,,,
-96.133889,15.814722,OAX,HUATULCOmar,0,,,,,
-95.1,16.583333,OAX,IXTOX,0,,,,,
-96.2,17.866667,OAX,JACOX,40,,,,,
-95.397778,16.445556,OAX,JDMOX,0,,,,,
-95.033333,16.433333,OAX,JUCOX,0,,,,,
-95.2,16.6,OAX,KM1OX,0,,,,,
-95.716667,16.416667,OAX,KM2OX,0,,,,,
-96.905556,18.210556,OAX,LCAOX,1.5,,,,,
-97.688333,15.966667,OAX,LCHACAHUA,0,,,,,
-95.3,16.4,OAX,LPIOX,0,,,,,
-95.483333,17.45,OAX,MAROX,28.04,,,,,
-95.036389,16.882778,OAX,MROOX,19.83,,,,,
-96.779722,18.360278,OAX,NAROX,82.86,,,,,
-96.733333,17.066667,OAX,OACOX,0.4,,,,,
-96.7,17,OAX,OAOOX,2.8,,,,,
-94.4,16.5,OAX,OSTOX,0,,,,,
-96.083333,18.166667,OAX,PAPOX,37.17,,,,,
-96.483333,15.666667,OAX,PTAOX,0,,,,,
-95.281389,16.476111,OAX,RHOOX,0.01,,,,,
-95.916667,17.733333,OAX,RMLOX,102.2,,,,,
-97.725,16.102778,OAX,RVEOX,0,,,,,
-95.165,16.283056,OAX,SBLOX,0,,,,,
-96.55,17.266667,OAX,SCIOX,0,,,,,
-95.2,16.183333,OAX,SCROX,2,,,,,
-96.533333,17.883333,OAX,SFUOX,143.5,,,,,
-96.453611,17.1175,OAX,SMAOX,5.22,,,,,
-96.55,18.05,OAX,STDOX,70.11,,,,,
-95.2,16.3,OAX,TEHOX,0,,,,,
-96.412222,18.232222,OAX,TEMOX,31.9,,,,,
-95.6,16.416667,OAX,TEQOX,0.01,,,,,
-96.133333,18.083333,OAX,TUXOX,97.53,,,,,
-96.381389,17.925556,OAX,UCFOX,140.8,,,,,
-94.833333,16.45,OAX,UHGOX,0,,,,,
-96.3,17.776389,OAX,VANOX,122.14,,,,,
-97.826111,17.724444,OAX,YOSOX,0,,,,,
-95.93,17.15,OAX,ZACOX,58.82,,,,,
-94.216111,16.4025,OAX,ZANOX,0,,,,,
-97.418056,19.45,PUE,ACHPB,0,,,,,
-97.934167,19.0625,PUE,ACJPB,0,,,,,
-98.055,18.277222,PUE,ADOPB,0,,,,,
-98.135833,18.9425,PUE,AFRPB,8.9,,,,,
-98.148056,20.033056,PUE,AHUPB,10.7,,,,,
-97.845,20.406944,PUE,APAPB,13.01,,,,,
-98.420833,18.921111,PUE,ATXPB,2.4,,,,,
-97.881111,20.385833,PUE,AVCPB,7.56,,,,,
-97.503333,19.961389,PUE,BAIPB,46.21,,,,,
-98.108611,18.9125,PUE,BDDPB,0,,,,,
-97.441667,18.987222,PUE,CDSPB,4.5,,,,,
-97.958333,18.968889,PUE,CEMPB,0,,,,,
-97.360833,18.316389,PUE,CHCPB,0,,,,,
-98.579167,18.516111,PUE,CHIPB,0,,,,,
-98.318056,19.068611,PUE,CHLPB,2,,,,,
-98.567778,18.109722,PUE,CHSPB,0,,,,,
-98.198611,19.022778,PUE,CNAPB,1.4,,,,,
-98.049722,19.743333,PUE,CNGPB,4.42,,,,,
-98.164722,18.612778,PUE,COAPB,0,,,,,
-98.059444,19.092778,PUE,CPLPB,0.01,,,,,
-97.516667,20.033333,PUE,CTZPB,112.55,,,,,
-98.275556,18.966111,PUE,ECHPB,0,,,,,
-98.456111,19.101111,PUE,HJTPB,8.7,,,,,
-98.540278,18.772222,PUE,HQCPB,0,,,,,
-98.050833,20.176389,PUE,HUAPB,38.22,,,,,
-97.815833,19.621667,PUE,IXTPB,0.01,,,,,
-98.466389,18.610833,PUE,IZMPB,0,,,,,
-97.691111,19.457222,PUE,LIBPB,0,,,,,
-98.231111,19.010556,PUE,MAYPB,4,,,,,
-97.850278,20.733056,PUE,MTLPB,29.8,,,,,
-98.002222,20.216389,PUE,NECAXASGT,13.3,,,,,
-98.000556,20.216667,PUE,NNEPB,10.2,,,,,
-97.533333,19.7,PUE,OYAPB,0.04,,,,,
-98.156667,20.2775,PUE,PAHUATLAN,12.6,,,,,
-97.251389,18.918056,PUE,PCRPB,3,,,,,
-98.264722,18.2,PUE,PIXPB,0.01,,,,,
-97.883333,20.233333,PUE,PTLPB,9.3,,,,,
-98.166667,19.05,PUE,PUOPB,2.8,,,,,
-97.616667,19.25,PUE,QUIPB,1.02,,,,,
-97.401667,20.116111,PUE,RNAPB,36.2,,,,,
-98.22,19.113056,PUE,SCRPB,3.8,,,,,
-97.91,18.735,PUE,SMCPB,0.02,,,,,
-97.446667,19.960833,PUE,SOLPB,57.53,,,,,
-97.486389,19.952778,PUE,STLPB,41.5,,,,,
-97.7925,20.004444,PUE,TDRPB,57.7,,,,,
-97.7525,18.878889,PUE,TECPB,0,,,,,
-97.395556,18.479167,PUE,TEHPB,0,,,,,
-98.777222,18.451944,PUE,TELPB,0,,,,,
-97.805833,19.829444,PUE,TEOPB,8.31,,,,,
-97.794167,20.000833,PUE,TEPPB,20.2,,,,,
-97.430556,18.468889,PUE,TETPB,0,,,,,
-97.390556,19.887778,PUE,TEZIUTLAN,18.6,,,,,
-97.956944,19.815278,PUE,TEZPB,19.54,,,,,
-96.849722,18.405,PUE,TLPPB,39.23,,,,,
-98.040556,20.374167,PUE,TLXPB,0.01,,,,,
-97.491944,19.489167,PUE,TPYPB,1,,,,,
-96.861389,18.483611,PUE,TYAPB,60.94,,,,,
-97.675833,20.510278,PUE,VENPB,13.5,,,,,
-97.956944,20.277222,PUE,XDJPB,31.04,,,,,
-97.585,19.859722,PUE,ZCPPB,20.2,,,,,
-97.011389,18.332222,PUE,ZOQPB,1.03,,,,,
-97.832778,20.178611,PUE,ZRGPB,13.5,,,,,
-100.490833,20.592222,QRO,ADJQT,0,,,,,
-100.269444,20.704167,QRO,AMZQT,0,,,,,
-100.354167,20.5025,QRO,BATQT,0,,,,,
-100.435556,20.604167,QRO,CARQT,0,,,,,
-100.080278,20.418611,QRO,CNSQT,0.8,,,,,
-100.453333,20.535,QRO,EPUQT,0,,,,,
-100.366667,20.566667,QRO,GHQQT,0,,,,,
-99.9625,20.198611,QRO,IDFQT,12,,,,,
-99.479722,21.230278,QRO,JLPQT,9.2,,,,,
-100.45,20.7,QRO,JRQQT,0,,,,,
-100.23,20.62,QRO,MARQT,0,,,,,
-100.366667,20.566667,QRO,OBSQT,0,,,,,
-99.815,21.055833,QRO,PMLQT,0,,,,,
-100,20.3625,QRO,SJSQT,7.2,,,,,
-86.886944,21.142778,QROO,CANCUN_ESIME,89.6,,,,,
-86.820278,21.156667,QROO,CANQR,99.62,,,,,
-87.300556,18.755556,QROO,CHINCHORROMAR,112.93,,,,,
-88.3275,18.500556,QROO,CHOQR,44.13,,,,,
-86.946111,20.51,QROO,COZQR,159.4,,,,,
-88.045,19.575556,QROO,FCRQR,36.2,,,,,
-87.077778,20.634444,QROO,PDCQR,167.2,,,,,
-106.654167,24.047222,SIN,ACTSI,3.96,,,,,
-109.183333,25.916667,SIN,AHMSI,8.51,,,,,
-107.383333,25.090278,SIN,AL2SI,0.01,,,,,
-107.388333,25.101389,SIN,ALMSI,0,,,,,
-108.7,25.7,SIN,ARCSI,8,,,,,
-107.466667,25.033333,SIN,AWSSI,0.01,,,,,
-107.5375,25.333333,SIN,BDRSI,1.02,,,,,
-108.329167,26.736111,SIN,CHXSI,94.3,,,,,
-107.4,24.816667,SIN,CLCSI,0.51,,,,,
-109.333333,26.1,SIN,CRRSI,13.01,,,,,
-107.35,24.316667,SIN,DRDSI,0,,,,,
-108.065556,25.484722,SIN,EBLSI,4.6,,,,,
-108.616667,26.433333,SIN,EFTSI,23.2,,,,,
-108.316667,26.083333,SIN,GB2SI,14.02,,,,,
-108.3275,28.95,SIN,GBESI,14,,,,,
-107.911944,25.855278,SIN,GD2SI,0.02,,,,,
-107.911111,25.856667,SIN,GDOSI,0,,,,,
-108.091667,25.469444,SIN,GMCSI,5.01,,,,,
-108.466667,25.716667,SIN,GSVSI,6.2,,,,,
-107.225,25.344444,SIN,GTNSI,2.51,,,,,
-109.333333,25.983333,SIN,HDZSI,17.61,,,,,
-106.595833,23.955556,SIN,IXPSI,1.3,,,,,
-107.059444,24.753611,SIN,JGRSI,0,,,,,
-106.807222,24.571667,SIN,JLPSI,0.01,,,,,
-108.013889,25.9,SIN,JNASI,8.03,,,,,
-108.7025,26.426944,SIN,JORSI,16.5,,,,,
-106.9,23.916667,SIN,LCRSI,0,,,,,
-108.35,26.904167,SIN,LD2SI,23.02,,,,,
-108.367778,26.844722,SIN,LDCSI,15,,,,,
-109,25.8,SIN,MCHSI,7.91,,,,,
-106.4,23.233333,SIN,MZTSI,0,,,,,
-107.440556,24.634722,SIN,OBSSI,0,,,,,
-108.58,26.509722,SIN,PMHSI,16,,,,,
-106.466667,23.5625,SIN,QLTSI,1.5,,,,,
-107.755833,25.124722,SIN,RAVSI,0.01,,,,,
-105.85,22.983333,SIN,RSRSI,0,,,,,
-108.779167,26.073611,SIN,SFRSI,30.5,,,,,
-107.5,25.3,SIN,SJNSI,1.21,,,,,
-107.1,24.8,SIN,SLRSI,0.01,,,,,
-106.695833,24.121944,SIN,SLTSI,3,,,,,
-107.158333,24.813889,SIN,SN2SI,0.11,,,,,
-107.151389,24.815,SIN,SNLSI,0.1,,,,,
-106.25,23.35,SIN,SQRSI,0.01,,,,,
-108.129167,26.9,SIN,TBRSI,34.7,,,,,
-105.846944,23.088333,SIN,TORSI,0,,,,,
-107.059722,24.7475,SIN,VINSI,0.01,,,,,
-108.359722,25.741667,SIN,ZOPSI,5.41,,,,,
-98.955833,21.748889,SLP,BLMSL,53,,,,,
-99.016667,21.983333,SLP,CDVSL,19,,,,,
-99.239444,21.906944,SLP,GANSL,25.4,,,,,
-100.820556,21.88,SLP,IVGSL,3.4,,,,,
-100.642778,23.656944,SLP,MATSL,3.54,,,,,
-99.159444,22.12,SLP,MICSL,111.1,,,,,
-98.8,21.333333,SLP,MTPSL,29.4,,,,,
-99.32,22.523333,SLP,NRJSL,19.4,,,,,
-100.762222,21.849722,SLP,OCTSL,3.4,,,,,
-99.830556,21.651111,SLP,PMYSL,3.85,,,,,
-98.939722,21.847222,SLP,PUJSL,24.8,,,,,
-98.888611,21.425,SLP,RQTSL,79.4,,,,,
-99.995,21.931389,SLP,RVDSL,8.7,,,,,
-101.683333,22.633333,SLP,SDHSL,9.21,,,,,
-101,22.2,SLP,SGRSL,0.01,,,,,
-101.019167,22.148056,SLP,SLPSL,0.2,,,,,
-99.055833,22.02,SLP,STRSL,11.6,,,,,
-98.617222,21.692778,SLP,SVTSL,34,,,,,
-99.146111,21.822222,SLP,TANCHACHIN,38.5,,,,,
-98.857222,21.246667,SLP,TBLSL,68.3,,,,,
-98.773333,22.003611,SLP,TMISL,19.4,,,,,
-98.758889,21.241111,SLP,TMTSL,89.4,,,,,
-110.226111,29.825,SON,ACNSO,24.51,,,,,
-102.371667,21.78,SON,AGCSO,20.5,,,,,
-108.937778,27.021667,SON,ALMSO,3.01,,,,,
-111.733333,30.716667,SON,ALTSO,6.01,,,,,
-109.8925,27.8225,SON,AOBSO,14.51,,,,,
-109.106667,27.226111,SON,ARCSO,20.1,,,,,
-109.088611,30.07,SON,ARISO,39.31,,,,,
-110.92,29.076667,SON,ARLSO,25.7,,,,,
-110.1675,30.335833,SON,ARZSO,32,,,,,
-110.238611,30.598889,SON,BCNSO,28.1,,,,,
-108.931667,30.355278,SON,BCRSO,27.32,,,,,
-110.215,30.003611,SON,BNMSO,25.5,,,,,
-109.625,27.416667,SON,CCRSO,5.82,,,,,
-111.516389,30.873333,SON,CHTSO,40.02,,,,,
-110.736389,29.472222,SON,CJNSO,27.51,,,,,
-110.290833,30.98,SON,CNNSO,34.3,,,,,
-109.938056,27.5,SON,COBSO,17.71,,,,,
-108.7625,26.603611,SON,CZNSO,16.01,,,,,
-109.233333,29.2,SON,ECBSO,13.6,,,,,
-110.8,27.95,SON,EPLSO,7.2,,,,,
-110.85,27.95,SON,GYMSO,10.3,,,,,
-110.916667,29.066667,SON,HM2SO,25.7,,,,,
-110.925833,29.073056,SON,HMNSO,25.7,,,,,
-108.957222,30.210556,SON,HSHSO,49,,,,,
-110.886944,30.761667,SON,IMRSO,28.7,,,,,
-110.396944,28.426389,SON,IRASO,8.9,,,,,
-109.378889,30.437778,SON,LCDSO,17,,,,,
-110.137778,29.003611,SON,MZTSO,3,,,,,
-109.6875,30.374444,SON,NCZSO,39.3,,,,,
-110.947222,31.318889,SON,NGLSO,19.9,,,,,
-109.443333,27.071944,SON,NVJSO,22.42,,,,,
-112.85,31.866667,SON,NYNSO,3.72,,,,,
-110.706111,29.229722,SON,ORGSO,9.11,,,,,
-109.083333,29.433333,SON,PDNSO,11.11,,,,,
-109.642222,28.976667,SON,PECSO,14,,,,,
-110.725556,29.2125,SON,PMOSO,20.71,,,,,
-110.308333,28.472222,SON,PTASO,8.82,,,,,
-112.116667,30.697778,SON,PTQSO,4.01,,,,,
-111.021389,30.050556,SON,QRBSO,21.5,,,,,
-108.876667,27.411944,SON,SBNSO,3.2,,,,,
-110.239167,28.713333,SON,SJPSO,17,,,,,
-111.445278,30.394722,SON,SRSSO,30.52,,,,,
-109.5,29.534722,SON,TPCSO,6.51,,,,,
-109.2125,27.658333,SON,TSOSO,12.1,,,,,
-110.289722,27.643611,SON,VCMSO,9.5,,,,,
-108.927778,28.371389,SON,YCRSO,29.52,,,,,
-93.488333,17.546667,TAB,AMACONITE2ASEC,193,,,,,
-91.483333,17.433333,TAB,BDCTB,100.2,,,,,
-93.413611,17.808889,TAB,CARTB,198.5,,,,,
-91.229167,17.289722,TAB,CUSUMACINTA,66,,,,,
-92.916667,17.98,TAB,EMUTB,216.9,,,,,
-92.814722,18.043611,TAB,EPOTB,199.8,,,,,
-92.916667,17.966667,TAB,GABTB,4.1,,,,,
-93,17.975,TAB,GONTB,167.3,,,,,
-92.807778,18.037222,TAB,LAGSANJULIAN,10.02,,,,,
-92.6,17.766667,TAB,MACTB,134.8,,,,,
-92.753333,17.391667,TAB,OXOTB,217.3,,,,,
-93.33,18.42,TAB,PARAISO,137,,,,,
-93.386111,17.769444,TAB,PAREDON,72.8,,,,,
-92.646389,18.406389,TAB,PCENTLA,22.4,,,,,
-92.879167,17.854167,TAB,PNVTB,125.85,,,,,
-92.9375,17.566667,TAB,PUYTB,274.7,,,,,
-93.291667,17.979167,TAB,SAMTB,89.9,,,,,
-91.158333,17.791667,TAB,SPTTB,44.7,,,,,
-92.816667,17.466667,TAB,TAPTB,266.1,,,,,
-92.966667,17.566667,TAB,TEATB,235.8,,,,,
-92.96,17.96,TAB,VIEJOMEZCALAPA,12.4,,,,,
-93.8325,17.965556,TAB,ZAMAPA2ASECC,120,,,,,
-99.148889,22.987778,TAMS,AHUALULCOTP,14.3,,,,,
-97.926944,22.386111,TAMS,BALTP,92.82,,,,,
-99.215278,24.103333,TAMS,BARRETALI,17,,,,,
-99.123333,24.079444,TAMS,BARRETALII,25.1,,,,,
-99.123056,24.080556,TAMS,BR1TP,17.4,,,,,
-99.215,24.1025,TAMS,BRRTP,25.9,,,,,
-97.772222,23.051944,TAMS,BTORDO,42.67,,,,,
-98.5975,26.238056,TAMS,CDOTP,33.92,,,,,
-98.8,26.25,TAMS,CMGTP,38.04,,,,,
-99.25,26.416667,TAMS,CMRTP,32.92,,,,,
-97.818333,25.638889,TAMS,CONTP,23.22,,,,,
-99.166667,23.716667,TAMS,CVCTP,54.41,,,,,
-99.1875,23.730278,TAMS,CVTTP,44.11,,,,,
-99.083333,23.383333,TAMS,ENNTP,8.6,,,,,
-98.691667,22.605,TAMS,ERCTP,0,,,,,
-98.1575,24.842778,TAMS,FD2TP,7.37,,,,,
-98.158333,24.843889,TAMS,FDOTP,22.2,,,,,
-99.170556,26.560278,TAMS,FLCTP,13.8,,,,,
-99.148889,23.023056,TAMS,GOMEZFARIAS,5,,,,,
-99.233611,26.408889,TAMS,LBLTP,33.27,,,,,
-99.116667,22.833333,TAMS,LSRTP,3.8,,,,,
-98.713611,22.796944,TAMS,MAGISCATZIN,16.4,,,,,
-99.551111,24.566667,TAMS,MAGTP,23.2,,,,,
-99.546944,24.570278,TAMS,MAGUEYES,22.6,,,,,
-97.522778,25.833333,TAMS,MATTP,34.52,,,,,
-97.844167,22.283889,TAMS,MDRTP,141.6,,,,,
-99.040833,26.374167,TAMS,MGATP,33.02,,,,,
-98.705556,22.795833,TAMS,MGSTP,17,,,,,
-99.434444,24.2525,TAMS,MHGTP,23.4,,,,,
-98.925556,26.204722,TAMS,MRGTP,41.52,,,,,
-99.53,27.44,TAMS,NUEVOLAREDO,8.5,,,,,
-99.490278,27.495556,TAMS,NVLTP,8.6,,,,,
-98.901944,24.041389,TAMS,PADILLA,8.4,,,,,
-98.9,24.05,TAMS,PADTP,8.4,,,,,
-97.8,25.8,TAMS,PANTP,43.23,,,,,
-98.742778,23.725556,TAMS,PASOMOLINA,14.7,,,,,
-98.745833,23.726667,TAMS,PDMTP,14.7,,,,,
-98.867778,24.115,TAMS,PILON,14.8,,,,,
-98.901667,24.138333,TAMS,PILTP,15.2,,,,,
-99.555833,24.2475,TAMS,PJMTP,20.9,,,,,
-99.219444,26.406111,TAMS,PLASBLANCAS,37,,,,,
-99.5975,24.184167,TAMS,PTODEVALLES,17.3,,,,,
-99.583333,24.183333,TAMS,PVLTP,21.7,,,,,
-99.004167,22.845278,TAMS,RFRTP,58.4,,,,,
-98,25.966667,TAMS,RIBTP,40.73,,,,,
-99.026111,22.843056,TAMS,RIOFRIO,59,,,,,
-97.991944,23.259444,TAMS,RSPTP,31.5,,,,,
-98.285833,26.079722,TAMS,RYATP,55,,,,,
-98.883333,26.166667,TAMS,RYNTP,55.01,,,,,
-99.094444,23.022778,TAMS,SBNTP,15.4,,,,,
-98.787222,23.083611,TAMS,SGBTP,13,,,,,
-98.210833,23.7675,TAMS,SLMTP,19.5,,,,,
-98.791389,22.943889,TAMS,SLZTP,14.6,,,,,
-99.274167,24.0225,TAMS,STETP,40.7,,,,,
-98.421944,22.413889,TAMS,TAMESI,35.6,,,,,
-97.878889,22.238611,TAMS,TMPTP,84.9,,,,,
-98.422778,22.423889,TAMS,TMSTP,35.8,,,,,
-99.434722,24.252222,TAMS,TOMASENO,21.8,,,,,
-97.804167,25.906111,TAMS,VCATP,39.52,,,,,
-98.666389,23.959444,TAMS,VGRTP,23.3,,,,,
-97.8,25.7,TAMS,VHMTP,20.04,,,,,
-99.551111,24.566667,TAMS,VSMTP,26.8,,,,,
-98.563889,19.586111,TLAX,CPPTL,0.01,,,,,
-97.769722,19.298889,TLAX,CUATL,0,,,,,
-97.6475,19.318056,TLAX,ECTTL,0,,,,,
-97.911111,19.315833,TLAX,HMTTL,0,,,,,
-98.2,19.4,TLAX,OBSTL,0.01,,,,,
-98.200556,19.556111,TLAX,SJATL,1,,,,,
-98.243056,19.219444,TLAX,ZACTL,3.5,,,,,
-97.908056,19.200278,TLAX,ZITTL,0,,,,,
-96.843889,19.695833,VER,ACAVC,53.23,,,,,
-96.583056,19.161111,VER,ACTOPANVER,19.1,,,,,
-96.5875,19.495,VER,ACTVC,26.41,,,,,
-94.144444,18.141667,VER,AGDVC,105.01,,,,,
-97.68,20.93,VER,ALAVC,55.01,,,,,
-97.234722,19.7625,VER,ALTVC,31.57,,,,,
-95.4375,18.583333,VER,ARCVC,80.08,,,,,
-96.944444,19.588889,VER,BANVC,63,,,,,
-96.933333,19.483333,VER,BRIVC,47.54,,,,,
-94.253889,17.954444,VER,CB2VC,158.5,,,,,
-95.8,18.3,VER,CCLVC,11.1,,,,,
-96.994444,19.332778,VER,CDCVC,10.02,,,,,
-96.697778,19.433056,VER,CEGVC,17.7,,,,,
-96.853611,18.563333,VER,CHMVC,60.83,,,,,
-98.155833,21.7375,VER,CHYVC,80.01,,,,,
-94.406667,18.149722,VER,COATZACOALCOmar,141.29,,,,,
-96.939444,19.453889,VER,COAVC,29.28,,,,,
-94.4,18.1,VER,COTVC,250.7,,,,,
-96.374444,19.364722,VER,CRDVC,13.01,,,,,
-96.647222,19.320278,VER,CRRVC,13.56,,,,,
-95.295833,18.144444,VER,CTTVC,21.12,,,,,
-98.39,21.341389,VER,ELCARDON,44.5,,,,,
-97.458611,21.773611,VER,ELHIGO,75,,,,,
-98.503889,21.832222,VER,ELOLIVO,30,,,,,
-95.970833,19.040833,VER,ELSALADOmar,27.85,,,,,
-96.36,19.405833,VER,ENRVC,20,,,,,
-97.399167,20.2575,VER,ESPVC,3.92,,,,,
-96.158333,19.068889,VER,ETEVC,27.38,,,,,
-95.556944,18.270556,VER,GARVC,34.7,,,,,
-98.443889,21.777222,VER,HGOVC,75,,,,,
-98.274167,21.160556,VER,HLSVC,39.8,,,,,
-96.950833,19.181667,VER,HTSVC,30.01,,,,,
-98.483333,20.533333,VER,HUYVC,38.5,,,,,
-96.554167,19.404167,VER,IDOVC,6.14,,,,,
-94.666667,17.95,VER,JALVC,62.2,,,,,
-96.241389,19.042778,VER,JAMAPA,9.8,,,,,
-95.033333,17.433333,VER,JCRVC,50.23,,,,,
-94.088889,17.873611,VER,JDCVC,86.2,,,,,
-97.021111,19.603611,VER,JOYVC,37.72,,,,,
-95.35,18.25,VER,LAUVC,23.82,,,,,
-94.330833,18.109444,VER,LCAVC,131.51,,,,,
-95.118333,18.415833,VER,LDCVC,37.8,,,,,
-97.231944,18.922778,VER,LGRVC,0,,,,,
-96.978333,20.051944,VER,LIBVC,60.45,,,,,
-96.39,19.26,VER,LOFVC,10,,,,,
-97.236944,18.925278,VER,LOMAGRANDE,3,,,,,
-94.916667,17.416667,VER,LPEVC,46.11,,,,,
-97.1,19.65,VER,LVRVC,28.3,,,,,
-97.048333,20.0675,VER,MDTVC,28.62,,,,,
-96.333333,19.15,VER,MFAVC,0.02,,,,,
-98.045,20.8325,VER,MILVC,11.8,,,,,
-94.771111,18.135278,VER,MNZVC,36.67,,,,,
-96.833333,19.933333,VER,MZNVC,70.03,,,,,
-96.872222,19.65,VER,NAOVC,40.86,,,,,
-95.516667,18.633333,VER,NLTVC,43.92,,,,,
-98.5125,21.840278,VER,OLVVC,31.8,,,,,
-97.1,18.85,VER,ORZVC,11.65,,,,,
-96.97,19.55,VER,OTIVC,56.6,,,,,
-98.176667,22.06,VER,PANUCO,43.2,,,,,
-94.3775,18.103611,VER,PB3VC,116.22,,,,,
-94.193611,17.872778,VER,PCNVC,113.03,,,,,
-96.140833,19.041667,VER,PDTVC,0.07,,,,,
-97.814444,21.184444,VER,PEMVC,62.5,,,,,
-97.268333,19.545,VER,PEROTESMN,1.27,,,,,
-97.238889,19.580556,VER,PERVC,7.09,,,,,
-98.172778,22.053333,VER,PNCVC,43.4,,,,,
-97.475,20.543333,VER,POZARICA,20.5,,,,,
-97.316667,20.45,VER,PPNVC,31.51,,,,,
-97.478333,20.540833,VER,PRCVC,18.02,,,,,
-98.335278,21.293611,VER,PSNVC,64.4,,,,,
-96.795278,18.888056,VER,PTNVC,24.54,,,,,
-95.627778,18.716667,VER,RALVC,41.62,,,,,
-97.783333,20.883333,VER,SBTVC,20.88,,,,,
-95.183333,18.45,VER,SIHVC,51.9,,,,,
-95.133333,17.883333,VER,SJEVC,38.23,,,,,
-95.033333,18.516667,VER,SONVC,181.53,,,,,
-96.488889,19.338889,VER,TAMVC,40,,,,,
-96.966667,19.45,VER,TAPVC,45.51,,,,,
-96.35,18.45,VER,TBLVC,32.7,,,,,
-96.966667,19.383333,VER,TCOVC,57,,,,,
-98.409444,21.499722,VER,TEMPOAL,29,,,,,
-96.860556,19.354722,VER,TEPATLAXCO,49.6,,,,,
-94.163333,17.571944,VER,TMOVC,178.5,,,,,
-98.383333,21.517222,VER,TMPVC,33.6,,,,,
-96.916667,19.811111,VER,TNCVC,138.7,,,,,
-97.2225,19.921944,VER,TOMVC,56.85,,,,,
-96.950278,19.233611,VER,TOTVC,14.72,,,,,
-98.139167,21.036944,VER,TRRVC,12.8,,,,,
-97.4,20.955556,VER,TXPVC,64.21,,,,,
-95.416667,18.466667,VER,TZAVC,47.21,,,,,
-96.111111,19.154167,VER,VERVC,31.92,,,,,
-96.613889,19.022222,VER,VTEVC,9.6,,,,,
-96.85,19.55,VER,XCFVC,45.23,,,,,
-96.935556,19.547222,VER,XMGVC,30.45,,,,,
-96.916667,19.533333,VER,XOBVC,27.01,,,,,
-96.871667,19.511667,VER,XOLVC,29.82,,,,,
-96.894444,19.555833,VER,XSUVC,18.24,,,,,
-97.416667,19.433333,VER,ZALVC,0,,,,,
-89.681111,20.649444,YUC,ABAYC,50,,,,,
-89.218889,19.883056,YUC,BECYC,13.01,,,,,
-89.081667,20.463056,YUC,CANYC,124.5,,,,,
-88.473333,20.389444,YUC,CHIYC,62.5,,,,,
-89.829444,20.752778,YUC,CHOYC,47.4,,,,,
-89.638056,21.03,YUC,CICYC,31.53,,,,,
-89.501111,21.078889,YUC,CONYC,35.2,,,,,
-87.676667,21.5125,YUC,CYOYC,17.4,,,,,
-89.583611,20.983889,YUC,EZAYC,18.2,,,,,
-89.644167,20.935278,YUC,FAEYC,19.12,,,,,
-89.642778,21.048889,YUC,FIYYC,46.76,,,,,
-89.658056,20.984167,YUC,GARYC,18.13,,,,,
-89.651111,20.946389,YUC,MEOYC,20.54,,,,,
-89.4375,21.105556,YUC,MOCYC,28.9,,,,,
-89.711667,20.493333,YUC,MUNYC,21.62,,,,,
-89.394722,20.291111,YUC,OXKUTZCAB,14.6,,,,,
-89.394722,20.290556,YUC,OXKYC,16.02,,,,,
-88.930833,20.1325,YUC,PETYC,48.03,,,,,
-89.653889,21.275833,YUC,PROYC,15.91,,,,,
-88.160278,21.571111,YUC,RILYC,21.2,,,,,
-88.160556,21.571667,YUC,RLAYC,36.01,,,,,
-89.046944,20.030278,YUC,TANYC,31.1,,,,,
-89.558056,20.397778,YUC,TICYC,51.82,,,,,
-88.1725,21.158611,YUC,TIZYC,52.12,,,,,
-88.204167,20.69,YUC,VALYC,57.4,,,,,
-103.225278,22.327222,ZAC,ACHZC,26.6,,,,,
-103.459167,21.811389,ZAC,ATGZC,9.72,,,,,
-102.953333,22.824167,ZAC,BTEZC,12.2,,,,,
-102.896111,21.997222,ZAC,CHIZC,20.42,,,,,
-102.347222,22.453056,ZAC,CUAZC,13,,,,,
-103.098333,23.693333,ZAC,ELCZC,7.51,,,,,
-102.040833,22.673056,ZAC,ELSZC,6.02,,,,,
-103.35,21.645833,ZAC,EXCZC,10.43,,,,,
-102.890833,23.173889,ZAC,FREZC,10.7,,,,,
-102.506667,22.746667,ZAC,GPEZC,8.01,,,,,
-102.46,22.4875,ZAC,GRCZC,6.02,,,,,
-103.397778,24.281667,ZAC,JALZC,5.62,,,,,
-103.114167,21.404722,ZAC,JCHZC,9.4,,,,,
-103.001944,22.642778,ZAC,JERZC,6.6,,,,,
-102.566944,22.778889,ZAC,LBUZC,7.7,,,,,
-103.603056,22.686944,ZAC,LFLZC,2.51,,,,,
-102.660556,22.996944,ZAC,LLBZC,20.8,,,,,
-103.382778,22.845278,ZAC,LOBZC,13.5,,,,,
-101.985556,22.264722,ZAC,LORZC,13.61,,,,,
-103.216944,23.18,ZAC,LREZC,8,,,,,
-103.363889,21.2125,ZAC,MORZC,22.02,,,,,
-103.561667,22.306944,ZAC,MRSZC,6.02,,,,,
-102.845556,21.3575,ZAC,NCTZC,29.7,,,,,
-102.615,24.983056,ZAC,NTAZC,4.8,,,,,
-102.798056,22.347778,ZAC,PALZC,9.8,,,,,
-101.399167,22.1175,ZAC,PINZC,3.5,,,,,
-102.903611,21.711111,ZAC,PMOZC,15.7,,,,,
-103.025833,23.816944,ZAC,RGRZC,3.61,,,,,
-102.884444,24.322222,ZAC,SFOZC,9.7,,,,,
-103.506111,24.288611,ZAC,SGOZC,5,,,,,
-103.636667,23.638889,ZAC,SOMZC,1.6,,,,,
-103.495833,22.326667,ZAC,STEZC,6,,,,,
-103.108889,22.923611,ZAC,STRZC,18.52,,,,,
-102.864167,22.120556,ZAC,TAYZC,13.5,,,,,
-103.879722,23.471944,ZAC,TCHZC,3,,,,,
-103.461944,21.468611,ZAC,TGOZC,30.1,,,,,
-102.786389,21.560556,ZAC,TLAZC,25.01,,,,,
-103.309444,21.773611,ZAC,TLLZC,14.02,,,,,
-102.344167,23.288611,ZAC,VCOZC,7,,,,,
-101.916944,22.520278,ZAC,VGOZC,32.32,,,,,
-101.715833,22.3475,ZAC,VHGZC,9.7,,,,,
-103.3375,21.588889,ZAC,VILZC,15.2,,,,,
-102.576667,22.761389,ZAC,ZACZC,12.02,,,,,
